ZONEID,timestamp,0.01,0.02,0.03,0.04,0.05,0.06,0.07,0.08,0.09,0.1,0.11,0.12,0.13,0.14,0.15,0.16,0.17,0.18,0.19,0.2,0.21,0.22,0.23,0.24,0.25,0.26,0.27,0.28,0.29,0.3,0.31,0.32,0.33,0.34,0.35,0.36,0.37,0.38,0.39,0.4,0.41,0.42,0.43,0.44,0.45,0.46,0.47,0.48,0.49,0.5,0.51,0.52,0.53,0.54,0.55,0.56,0.57,0.58,0.59,0.6,0.61,0.62,0.63,0.64,0.65,0.66,0.67,0.68,0.69,0.7,0.71,0.72,0.73,0.74,0.75,0.76,0.77,0.78,0.79,0.8,0.81,0.82,0.83,0.84,0.85,0.86,0.87,0.88,0.89,0.9,0.91,0.92,0.93,0.94,0.95,0.96,0.97,0.98,0.99
1,07042013 0:00,22.59605386750723,24.274009682834762,32.710280071759506,33.24132975046017,33.66083990745247,33.78937695492109,34.06010938990002,34.39225499925089,34.7123918942617,34.98022439165491,35.754033290953316,35.78862601746489,35.840224632984246,35.87224184754268,36.965997414148035,37.290294728710165,37.59611757528164,37.86979329863475,38.10189450982773,38.264228737590884,38.34268256018265,38.49570250014604,38.66441319911226,38.920099787152836,39.357654678894136,39.474998570002,39.47788116250847,39.57761656524363,39.712271661945834,39.91648939989244,40.019483013536885,40.10118642207645,40.18709137264841,40.27414673186951,40.27834521439091,40.3004828666036,40.310702478658555,40.37914034221569,40.410265537347456,40.44511622595746,40.476910466978524,40.494504986950204,40.50100425777225,40.50621796415646,40.50883828877669,40.5118441023031,40.51564200884438,40.54289436909782,40.54576588206014,40.54960698978695,40.558596640477276,40.55947673871957,40.560965568719425,40.61218008980937,40.65472240311236,40.664119294867575,40.697691873498925,40.710918165246326,40.73179668750522,40.73594311931028,40.78033842572292,40.79706189148877,40.80212926749566,40.81088622709241,40.81778559242008,40.83156044193372,40.83726261550234,40.877264319011644,40.87905173894562,40.90169214875277,40.92019089643345,40.93210983535435,40.978763045537974,41.04854127804377,41.06784462832941,41.08243735093245,41.115839601687696,41.17519442645184,41.250775058600325,41.30011370511916,41.304599884011054,41.33793515319073,41.38824377327127,41.45543595143607,41.706320383498394,41.752382381947754,41.79245535677049,41.9665223254305,42.31076494713052,42.79270475643759,43.07953680172977,43.191511211997934,43.768399311410306,44.38676002913742,44.8468683139418,45.352699087811374,46.2297269017312,47.26629769728753,49.75917632237994
1,07042013 1:00,22.589446831005375,24.260795028468888,29.753059108026946,29.780114075047607,29.795688208349404,29.865611051902974,29.91851253675071,30.02456720548311,30.090734704412682,30.255601721676932,30.29575913867663,30.307021224154497,30.40984166182514,30.48642209785953,30.507407808496453,30.61285350970803,30.705969256684597,30.77230410212728,30.817975570936227,30.90952837297628,30.935940506879092,31.05448599898017,31.083267066203668,31.134844539806366,31.143303277627794,31.22407289318788,31.266257056685546,31.37996217891427,31.427303202046204,31.466001755758835,31.590840534874786,31.618951601588705,31.63391275194418,31.72819705562995,31.7553071488056,31.854810596187065,31.86244415762451,31.932637467151878,31.95263417158867,31.96970359026031,32.02751601802295,32.079306492746866,32.0797539395259,32.115228647698196,32.14194410528492,32.16611414346629,32.19319678446267,32.221515303945154,32.257322609856004,32.268242449004646,32.29790478515686,32.30179801056978,32.30786600603348,32.308460444988015,32.315684573537794,32.32945737619839,32.33033366313113,32.34591685241695,32.34974725855177,32.43979671608081,32.66748144446452,32.678198490899454,32.690543578360405,32.691944802528134,32.71902302414084,32.89577529295454,33.17118210926476,33.43096857841503,33.7220406869704,34.063658442225645,34.391071539275046,34.60567512068479,34.764817042133615,34.92642150343728,35.087867892155614,35.22039510260868,35.334582048648016,35.46471049119866,35.578223141035224,35.778181805591984,35.98869732018906,36.267341995326646,36.51804646608629,36.76735505224384,37.00042075449349,37.164415800494055,37.32396739681738,37.478981319385994,37.56302313302247,37.594425240046974,37.614990745013074,37.64190969429605,38.017283882956335,38.295816482213766,38.61439629873708,39.37261377736748,40.65340328253549,41.9349346203518,45.79828979331252
1,07042013 2:00,22.581164030862517,24.24422878141102,27.545243003178744,27.842200806996814,27.997292870460292,28.17955287278674,28.3587308555842,28.40283386317965,28.484027715123688,28.49680508401083,28.500810093528212,28.50923637922061,28.516901007807107,28.561038803501617,28.579305150517854,28.619697169437583,28.654137197269833,28.72505402246371,28.795570450759485,28.8494789800517,28.918274857665594,28.96339099290354,29.01023045579852,29.067120349804775,29.085244513036475,29.104918490930803,29.145503596539157,29.146692983561266,29.290852605819666,29.452561680592083,29.591497488059147,29.810058334779512,30.06080341044239,30.247342836118264,30.44803347303629,30.645799803686145,30.907975977459984,31.138473182624097,31.33197067850928,31.53000704179307,31.72527537999501,31.909046731148578,32.023968849389306,32.12159479185674,32.15023121111052,32.16303374546719,32.2042410353999,32.224846199824725,32.29442835492752,32.29977884082663,32.31754396996365,32.33447111378369,32.43544153497437,32.471941176627425,32.630929678935146,32.799464929877914,32.993874410506464,33.160121974429856,33.297128318591675,33.43605802205471,33.571244184484385,33.69099572994068,33.9177533779975,34.10309453938093,34.37939827844647,34.529764912040974,34.61478632805067,34.78389650940919,35.00725744258311,35.287575003559795,35.55246875494409,35.78920941462714,35.99173465843535,36.17533021922871,36.39235005468569,36.63524352087225,36.881634512904824,37.11715617900457,37.33704857912177,37.60215077926436,37.792748956942575,37.93773505177954,38.088463645760584,38.158080208297164,38.174551005717234,38.19525646860937,38.25302420784736,38.35337266557728,38.35782230415681,38.399816155569596,38.40339963805948,38.41480138839849,38.48577398020285,38.590399288408705,39.17253416248718,40.00130836305645,40.23299126885867,40.66054126371391,42.18036489649094
1,07042013 3:00,22.5752890086395,24.233327724715718,25.730811578430263,25.748285868925862,25.79977694034676,25.814338879724914,25.878596686796122,25.89249338887427,25.902213615981182,26.080647443283453,26.084967250098103,26.093077019681004,26.10594131645206,26.149338255287944,26.15471460646949,26.193409926791944,26.238522312169607,26.312992803732897,26.313315533490552,26.389374827835802,26.406123857043653,26.407880107321915,26.43215619773359,26.443241881876602,26.44711840955236,26.455144464230727,26.469480053587027,26.474676722532763,26.478417807316163,26.62402630334391,26.705670401106303,27.269907226295043,27.29103894507111,27.319412553832095,27.356073888986515,27.383374486479514,28.021483630089435,28.547312485496917,28.731587866476644,28.905614937455198,29.075099100322078,29.22598893633868,29.31588805535027,29.362845663712335,29.396453875390705,29.50926110449481,29.609423303847223,29.735164930393935,29.86731396178861,29.89336764592612,29.906950131611367,29.926537108472857,29.95519111234681,29.996605168552776,30.009008704401893,30.02605649304543,30.031852774194576,30.057086057573997,30.123368973974024,30.14612187562237,30.16187982362524,30.203733542684276,30.22368734287818,30.30104117629591,30.48821089678546,30.610193119594868,30.650100019727205,30.728409347128462,30.830691132181542,30.945989460318245,31.011384918534162,31.07545526446718,31.121734801135062,31.150285931719964,31.19708172092389,31.232057974802146,31.296789332157886,31.379740473794683,31.539852922360595,31.821821976236663,32.05221938324054,32.239806418295956,32.38586059545874,32.51448778785853,32.716107271314215,32.89121268942982,33.10602571527643,33.10793022273663,33.16978886593111,33.26345315514148,33.302904514277174,33.37300398706343,33.502098225587815,33.51464399188589,33.5989248980804,33.65345040648509,34.383223832523356,35.59313618697887,37.85329103902103
1,07042013 4:00,22.572808061693912,24.229033696828342,24.9260211807993,25.05681330043051,25.24796549058402,25.267028748669006,25.485729778887116,25.5506682193036,25.56653029317695,25.680731483148083,26.28646298736315,26.29442852768203,26.294477389577338,26.295761642035245,26.297689834900737,26.30325970385516,26.330539202890577,26.337979759646487,26.346650547903238,26.346668641794096,26.359402469021248,26.37608471734734,26.40417689196127,26.408520818236184,26.409065928553037,26.42106152326967,26.426566426529178,26.44361008155929,26.446667441269327,26.476911343157298,26.479268420594465,26.49398448349342,26.52193711349348,26.52858118133142,26.544870162127822,26.574082612538703,26.57611158537911,26.58187716065052,26.650457246159817,26.683570969602897,26.715963536292108,26.76970372769189,26.79170605172601,26.81157524379462,26.88817793309852,27.005502342250935,27.18536227942805,27.40976856865055,27.616346068153575,27.719815806109636,27.80864153152295,27.93150867381148,28.075978752431354,28.18503466521723,28.23465900127313,28.30063729560203,28.388877484579183,28.489058735265857,28.597453425732695,28.708159509576944,28.854442107276782,28.941509136966772,28.990876205750624,29.133347407438492,29.292465838061233,29.410876919727713,29.48233386460872,29.49319223455643,29.514242333435263,29.583962209236276,29.68850330762463,29.83452135045306,29.985347582724586,30.173675113684666,30.378531543562985,30.557927711963643,30.713990576963596,30.852305297442257,31.065090429920588,31.32961729331585,31.36741970955437,31.397879303418847,31.567212271581525,31.587522518768452,31.688459734851264,31.699055418062102,31.71360683946358,31.716123713990797,31.74031413685097,31.744146229794694,31.772175460723318,31.785311520237755,31.790184522301672,31.794979289928946,31.79966285680065,32.04625355278975,32.54642086231193,33.377213752565595,35.416641759900855
1,07042013 5:00,22.570888183751723,24.005740360661864,24.018715864167415,24.133516119084177,24.14104133149938,24.152825619788842,24.154625562562813,24.155067237790277,24.157582891149985,24.158544539917614,24.17068380631673,24.176930746468386,24.191921427575863,24.193445184623133,24.218338918101797,24.223229126584712,24.225700511115374,24.26588891601618,24.321886363560722,24.326310955731074,24.385121041709922,24.44184114428782,24.50860463394129,24.518695116243364,24.53046638230524,24.581680066860848,24.585271122473305,24.6024605044269,24.605658768031773,24.698528058076604,24.757671717380987,24.772983859372772,24.878262208515252,24.94799720064212,24.984210141579894,25.013470333372098,25.202421760916096,25.26518687203167,25.30117270121151,25.30933719175441,25.32026246839171,25.450771038704687,25.568848437142705,25.575658442743276,25.582883893977098,25.627584989627096,25.650007296419247,25.692929129757445,25.739761953474698,25.772610021580817,26.00901472663203,26.209700144211126,26.270042029523736,26.33457925858029,26.408410400048652,26.420064841152993,26.426983624098867,26.488154909122088,26.57333968447388,26.610216290884907,26.626458502315074,26.640065701893946,26.70709205190468,26.740421401803545,26.742921508841278,26.752649665395083,26.80409858856183,26.8563457774042,26.92879857149785,27.007310814284054,27.10550102120878,27.239571163382124,27.36265465915389,27.485723644307527,27.656940465878364,27.856747177711398,28.03710308319083,28.218060816608144,28.57141824972213,28.927946587486318,29.135660693622626,29.24788495616386,29.390058887593725,29.494703744780708,29.589230177058667,29.748407680054186,29.870700556246717,29.978206604122917,30.144162042777324,30.144504094576106,30.146919341661146,30.178758630613032,30.253788282839608,30.28106356511543,30.290888371927423,30.322920446278687,30.71070855585576,31.777774094967796,33.45337108743409
1,07042013 6:00,22.575631082528,22.749663425427983,22.759956934511493,22.85275021679388,22.855503130960116,22.929580097747646,22.988826476413735,23.03667262319931,23.11859372277236,23.27627828487661,23.30620439403215,23.40595722807032,23.527754445205005,23.607250845570874,23.655253360412758,23.80032520010056,23.87410876199199,23.89877824261977,24.02709136334728,24.064807917103295,24.11170409436326,24.1803922140208,24.224291209023676,24.23554254569551,24.284869573333694,24.291621352482807,24.380793085441667,24.450991841924463,24.49728416989953,24.550236181446337,24.567160979438768,24.588157396775372,24.591860258598643,24.60907306027902,24.62913986029517,24.648132357935964,24.666616136988168,24.67779397942205,24.733111591051426,24.745303633318557,24.792739875240876,24.805369871843098,24.841015199699868,24.862834759098902,24.892694222888437,24.898041333986072,24.922391117463334,24.94992640868911,24.964733400860467,24.992739113739162,25.02820893303806,25.043491679872545,25.092805118152327,25.107088657129665,25.146281881090687,25.1742231358613,25.198133524294892,25.28791391753049,25.290031944167268,25.398728549392054,25.49262587772894,25.667700524474483,25.77480241087791,25.806145028932136,25.84263002702339,25.852915768821187,25.86192083443595,25.90066569745207,25.936945383815953,25.951132994826153,26.09881873564686,26.312230284885572,26.50732380406194,26.741357985453277,26.9824478867002,27.195544629049877,27.393257247923103,27.58042777267697,27.885497559502795,28.320961554377078,28.726050156151885,29.07330308943051,29.222800895466676,29.32694036196834,29.377618884656997,29.38524251567027,29.407437935792245,29.414501640514857,29.471710483680596,29.626615703982225,29.652788793245236,29.653198434141828,29.729090385024477,29.758292647467783,29.8296485068429,29.95099750539383,30.392381441588867,31.13231272145437,33.2694016582504
1,07042013 7:00,22.58545741369859,24.2549618272828,27.19304640051154,27.3370839375738,27.371531423025225,27.632202882375744,27.65678074330352,27.843291726165276,27.927358265692313,28.091578032152558,28.137105942601167,28.241300768429703,28.360149316925582,28.46689666940373,30.320827740211172,30.4072462278109,30.453393877210587,30.48544404299824,30.531189189313707,30.65079934407109,30.765294293337945,30.848412582993717,30.938580550389247,31.031066664962495,31.03941832554038,31.044888076183824,31.05691032471492,31.08565292813222,31.08573684214592,31.103909634306873,31.12553427082439,31.145001946033105,31.23813230792601,31.36710948688409,31.502492595121765,31.61278264735418,31.772778880030913,31.920072179701307,32.035803298468835,32.111007754634315,32.135767934789826,32.14938789778324,32.177635781692004,32.198420504232814,32.20216691700027,32.3752417378206,32.60510048588506,32.89627850570845,33.25720910255657,33.559367268411734,33.95634434449596,34.48159841458495,34.809724113572884,35.19391217778879,35.41292092565031,35.58649589002283,35.67339434926174,35.781089235088416,35.88985397319843,35.994811807522495,36.088788840135976,36.19019081346548,36.26409334931789,36.3679352399662,36.5920558633412,36.7339045366154,36.73555979026024,36.76321053991194,36.79953217818749,36.801643406246185,36.81397831675346,36.817648191415216,36.819922657695244,36.82865831835984,36.86759629406504,36.88656973468386,36.88729791984416,36.8890871225278,37.069959010872736,37.30909626353754,37.42874174117023,37.467041841471456,37.4693390229388,37.48994947183721,37.55109779938603,37.55393261517183,37.573316586129906,37.634817062134644,37.652906555933654,37.65772366841939,37.659740420635615,37.664826585429324,37.67112361955775,37.720897463232646,37.74391650901913,37.74949840815955,37.795412267106855,37.87054624622765,38.79851203323216
1,07042013 8:00,22.5972038689755,24.278443306630212,30.173833600523558,30.31948669436916,30.63185059083522,30.660238420590073,31.05135995031992,31.279393661639972,31.351898134589742,31.394450502023503,31.49696484613172,31.5174782532224,31.562968227424545,31.5956973246705,32.22537142194055,32.24692922495002,32.355449688286924,32.57952810924533,32.78106463969236,32.88820821945099,32.96698732610315,33.11695654193392,33.31366642555112,33.476774160198005,33.69971016971252,33.91793871556135,34.09323657026843,34.10779591522447,34.13581124049216,34.23653965127808,34.24430024692852,34.254487731890265,34.3709692798128,34.428443853291824,34.43973089243997,34.49565161612091,34.52729961529387,34.64072166097333,34.64984632458389,34.74843964345972,34.782341984585244,34.788402637162264,34.82727344756401,34.83229930925583,34.83426845822416,34.83712723658931,34.87521292233167,34.895648949700856,34.90107357916091,35.019435401814405,35.24125340852328,35.45039642210132,35.45350047019846,35.46390261828208,35.48522472396462,35.542920879247205,35.55129409908386,35.58067192347629,35.69239408485038,35.74667330573159,35.91779568138334,35.951483130765624,36.02781429275767,36.050161392794564,36.1745021955672,36.2777842174923,36.37801969016158,36.421892443167565,36.48942707752026,36.53870943171815,36.68143574817901,36.81548841051044,36.856325122776695,37.054611071152394,37.14673955565269,37.28509191282954,37.41952229804342,37.50302964183987,37.72291783306872,37.773109179512005,37.92977295086909,38.08558817424914,38.137916833646685,38.22893554641328,38.37863385228661,38.48417574943089,38.48445083001458,38.575227572442884,38.58942932473916,38.65136360715864,38.68321358671328,38.773140003854095,38.78425429357134,38.80704184476781,38.81726996258952,38.83776959232627,38.904131101642776,38.92469469690468,38.97640951245022
1,07042013 9:00,22.61281542140692,24.309650024854683,34.58962338375139,34.725850715854804,35.32592704529931,35.628543327057336,35.87120392091155,36.04139708660217,36.12964501117818,36.1564023587625,36.192878002623814,36.33844680290552,36.34262005244303,36.345266024491735,37.41831449583029,37.56347590679806,37.717725586877165,37.87209918211779,38.0399288450604,38.192138137209085,38.34530704839641,38.51480785377005,38.73114028411308,38.920200752393924,39.04697592849587,39.163148480135845,39.341799214540984,39.39161834531264,39.422059757321065,39.436305915700046,39.44720903774636,39.448370062916226,39.478613593486386,39.48317527091413,39.509059125084335,39.5248736437926,39.5617548622391,39.609804821212265,39.68013109091011,39.82913029252505,40.060858408924034,40.30895495879062,40.613585137461726,40.794107257627445,40.807096696377016,40.822204384341646,40.85541288203045,40.86899408711021,40.99794586405315,41.02212228774576,41.04953339255178,41.15878943839704,41.261817804098314,41.27404468050106,41.34331288435129,41.390811563788006,41.54501990171653,41.56378701734958,41.56661975222414,41.76828105098447,41.79621226461758,41.89071969123955,41.949603718599434,42.04011641967762,42.06885861268023,42.12014550725671,42.14531828915209,42.195575341368,42.21176481533527,42.21996872013386,42.27713841484788,42.63069802954283,42.79338091976918,42.82036787634088,42.927523106950375,43.076783729916386,43.15943910862484,43.160211207032944,43.17829119053832,43.20485892215736,43.227395056605445,43.33159285265117,43.38890171258001,43.43545839683175,43.43605891548789,43.50215131871005,43.611412668396085,43.637476454965395,43.67771725812494,43.679831224022706,43.68438851207769,43.687523341297066,43.688712691430695,43.705010083881845,43.71109745077271,43.75681120300423,43.78208564842954,44.418703562646414,45.921568189543635
1,07042013 10:00,22.62693810031292,24.337878647978407,38.93007938580513,39.54417021522007,40.45308273522119,40.84272282032039,41.07056931870624,41.371915512927195,41.59529473886752,41.733086683987835,42.0719936674618,42.14230918462604,42.14446538699078,42.17441129683742,46.62117798848364,46.664235002603476,46.76648961497649,46.77066753158944,46.79289986042102,46.888374589429944,46.94763843004294,47.056519077635855,47.13983927292111,47.16342542742049,47.19221298892934,47.195012244646435,47.222195927987,47.27514755552343,47.29567639032334,47.38224092140189,47.39750499179402,47.489533955854384,47.490132206886415,47.609280821769715,47.619386189778325,47.632017850697295,47.746225122649136,47.790235552520016,47.86012419064461,47.873731866815106,47.8744442994072,47.901100635739084,47.94314727837009,48.03076355156402,48.06665077516391,48.14402949258012,48.165968041683385,48.217973857528435,48.23296420622901,48.28669066335209,48.34521073609427,48.42839347997787,48.48017686760649,48.55314208266836,48.61386136652236,48.61707719456216,48.62081837602305,48.62604459620344,48.655411694145755,48.66812044376688,48.6836182511218,48.69513162406396,48.874833277951424,48.952904321386185,49.17512700309959,49.27202728598925,49.39375928856039,49.525394102172214,49.52600538707773,49.54935116268449,49.55020270588095,49.604590460972005,49.60504016640084,49.6125164335041,49.640222388545766,49.64661067451287,49.707285626927245,49.75486049323598,49.857519012807444,49.8858698176405,50.14344945279785,50.1686860180387,50.369209370625526,50.55652024411954,50.57266776307958,50.845235646671995,50.89369067295051,51.10598249020494,51.150652319508396,51.26468111191552,51.33652264051754,51.398091967177024,51.44289626521092,51.44610962708218,51.4499819679675,51.48920401635698,51.552833435854836,51.629107472808286,51.6566558366888
1,07042013 11:00,22.636651359319075,24.35729196712222,42.949307835216466,43.66655743497876,44.3879225533134,44.76058999772741,44.86374036313139,44.98546021788465,45.08295737432402,45.2373593302345,45.54847725297516,45.60368106844457,45.659789008218006,45.71139523785299,46.242872857274804,46.30454317580015,46.37229542413547,46.41236788095881,46.5138354854263,46.587404280005714,46.695851078062475,46.80352161089735,46.80734816553276,46.82344027731226,46.83445600761898,46.838875817800925,46.84384404117364,46.8741138943913,46.87548993021298,46.941292727081745,46.96619733892655,47.03199157469446,47.10010985950538,47.14044839773402,47.31075490513268,47.59327621879585,47.81967480346263,47.908926482418295,47.93372775280419,47.96774499441274,47.97062881648064,48.01736978829217,48.129993947391426,48.30962562264206,48.47318804371511,48.69729440188436,48.94693695406556,49.25378823909763,49.66800135733921,50.04769887121326,50.25284167771575,50.47041023240463,50.722965604172614,51.0439739868509,51.45169970607117,51.92102256079734,51.99195389929618,52.01658500946546,52.031426512058545,52.12032380318507,52.15119632090344,52.159941491642726,52.17332031365338,52.1910739349963,52.198388053281676,52.20087788113818,52.20969518476922,52.21007727980296,52.21647021113283,52.22380147897604,52.282880909869704,52.33665853438015,52.385364862549196,52.41654372993233,52.46056312757183,52.70929741719884,52.732542755349414,52.8837000047304,52.932868431400024,53.07174958124659,53.084636967975214,53.31260226397866,53.35794653263723,53.55674154660166,53.56019366381183,53.72501252801074,53.83880377190465,53.93332750967457,54.004014703908794,54.03367452865409,54.081759050754684,54.18413690764358,54.29999353913115,54.38793906451663,54.4746643203916,54.52512415452212,54.555859906307546,54.60618134543175,54.607564401264014
1,07042013 12:00,22.642783864738828,24.36954755483656,45.607421102296726,46.44958357342277,47.24611248408597,47.587652271960366,47.74502143454273,47.84195268466467,47.93295727642914,48.1438213592386,48.23717295850455,48.252149619721486,48.49752034070068,48.57656417309967,49.5819258324576,49.609947821196,49.64345681376692,49.67052821944483,49.72585224097996,49.77118594319131,49.79305600959351,49.81719962532634,49.81842064507103,49.82850699465703,49.84058260824948,49.8524108352474,49.87880832130395,49.897539887169316,49.90928548962009,49.91848070878822,49.92745709218342,49.937798530080954,49.95369180534034,49.969688728134,49.99218556741215,49.99799608008827,49.99831006060005,50.00929082277,50.01006918708613,50.013956252756884,50.01968735500185,50.022619992755054,50.02385081334252,50.02660887894362,50.03997939033792,50.04084703244527,50.04420363685546,50.06618496243429,50.06963632790874,50.07050121924985,50.080417693922314,50.10379919911644,50.109392837672175,50.11011946565756,50.110381646922676,50.13347073199421,50.13621261448469,50.15477258264882,50.165999172851656,50.16761203349638,50.16942818361257,50.17871055886752,50.181864379402285,50.191054541142535,50.19419062633769,50.195594544316464,50.22169244083453,50.228079654731076,50.260124796897,50.284101130471115,50.28574511087872,50.28969756874507,50.2999966312054,50.33741594137551,50.4830450901225,50.51044345986713,50.65274639844256,50.65524898391594,50.74032070544655,50.77190818327733,50.77483471053334,50.78291549640694,50.7906609728129,50.8419686754651,50.85688463226872,50.866904094690426,50.87479907469782,51.00250486978088,51.00413728759435,51.063992441363894,51.093816460049055,51.13399653807615,51.13751667131079,51.15590589990367,51.832532446680176,52.357169547522176,53.043123372358295,54.39458302476827,56.733538653871804
1,07042013 13:00,22.646940640882658,24.377854163539773,47.595349809263766,48.58889350464186,49.33528645191796,49.9759584349434,50.188530477387474,50.32722782659934,50.42249073394549,50.610099240611795,50.63273108816942,50.67939388325643,50.82396415177283,50.887979310001015,54.213685326499046,54.42289631189321,54.63828545827276,54.841197288476536,55.06178720169309,55.2383350752811,55.41315702275021,55.55066731210751,55.5894301546717,55.613689277764024,55.64646299577879,55.68262207966491,55.81058366598759,56.03497955715579,56.21680553941597,56.38085903074757,56.54764412555093,56.81269357027702,57.12854980563266,57.36338887507972,57.58853571159398,57.69281292786691,57.73076432062473,57.73279255796619,57.75986324693986,57.785088996955764,57.79729909539964,57.80042336626981,57.801938312748504,57.8026909498938,57.80452246896863,57.82167221460698,57.8339043507015,57.87592301660682,57.88146192748188,57.939876898716804,57.97782441083018,58.00279322929744,58.00591369427366,58.012799649390686,58.041755177035114,58.107588015687526,58.14053876356947,58.144810540889154,58.204276603675964,58.24305441580644,58.34141111388924,58.34177658860753,58.39647700310768,58.64336464151931,58.666099697680266,58.932804389390526,58.985137381343606,58.99455857835291,59.00385999016291,59.02451443449414,59.026307563969866,59.03466857087278,59.07519952610187,59.07988588942901,59.15412992752273,59.22983042030117,59.612524672321186,59.760039009883926,60.03851946876247,60.040137277290114,60.20185878612834,60.240726845150704,60.51054743484869,60.710808439013405,60.74541869753932,60.8574312368458,61.09097756341919,61.30635463540571,61.30767865208911,61.56417189559771,61.714547663464,61.84795842579075,62.10012999703142,62.13461223319618,62.38480979868915,62.520284834450024,62.56279818245805,62.639237403797395,62.70515477768073
1,07042013 14:00,22.649144449809594,24.382257917947122,48.73547053019482,49.76351421598939,50.56508352370835,51.268552584970095,51.54837000516925,51.651471285467416,51.78393015458962,51.84982680009327,51.921978896284394,51.9902808588368,52.081963485516894,52.0980499300831,56.44807541417581,56.60023328238622,56.76669818166108,56.92491166310573,57.02892726711907,57.12018459266886,57.21590742557242,57.323411705010145,57.43299366845173,57.603547415116566,57.700527578151366,57.94968597436143,58.096234406073854,58.096701515300836,58.172795330317406,58.218126503667065,58.22136337046028,58.23118124910488,58.28641375336626,58.29841225526725,58.32152208632425,58.34956978904015,58.370587265293665,58.449768690728845,58.45200413630758,58.5013597769113,58.50713443898191,58.536833543899604,58.56380970425883,58.583786140600935,58.62241706734736,58.662351119692886,58.826345233186814,58.845594544235226,58.896315524395845,59.033576902121084,59.16740372831116,59.21317567387038,59.3466575968814,59.588875607413875,59.61741096261234,59.707401162687916,59.86286056025196,59.9385503905227,60.06464096844907,60.13813394889005,60.226709813090906,60.22988702323303,60.243051029493344,60.29327164384719,60.66689854366223,60.8470500566101,60.88007603106679,60.88816532693534,60.89360376822374,60.92538646516192,60.947947493779,61.00138192002353,61.08781403265708,61.14391089582995,61.314689572845396,61.653144047722876,62.072394115408244,62.38746178324541,62.65966639250853,63.31645882726983,63.50944925203851,63.58261353862204,63.68245625171417,63.805213555107386,63.84831832246445,63.88609866925749,63.94787708266901,63.972116165260104,63.972934549917326,63.97617819186516,64.1045687359529,64.49730942943799,65.06656181734103,65.51409679314034,65.69894718881157,65.91669437921426,66.74736963065095,67.39737431790599,69.47483703739516
1,07042013 15:00,22.65128840694836,24.386541812770385,49.36504651651666,50.45900565399349,51.36996115554904,52.09789797316735,52.42046565844082,52.58230896446211,52.83855082525047,52.98426705893002,52.99500054568279,53.064553527252215,53.10988654675375,53.14541442628756,61.29979900211736,61.51630063082346,61.77390370190243,62.02492778668165,62.28210700923136,62.549949978716434,62.75407078567057,63.035446597282125,63.28488592290783,63.61831027664444,63.9084485873036,64.14629564498594,64.30407985957567,64.36775313874307,64.48192706317758,64.62592807936119,64.63244057747929,64.64077318414466,64.74882256839636,64.80305373071712,64.85224339462724,64.86782044871828,64.96322795438174,65.02136055023378,65.04598968953404,65.04790353972125,65.09869468850317,65.10468365545702,65.12544546630433,65.12853438960062,65.17005054007555,65.17633604632047,65.19162732333459,65.25127283873255,65.29107638933999,65.29955034700195,65.30678793980258,65.3192790738352,65.32387684982093,65.32540596891221,65.36043782117767,65.36655265280834,65.37510409002627,65.39880945800691,65.41538098176218,65.44019377903649,65.4664885223136,65.48000351701634,65.48693153853871,65.53158097221235,65.57680699688024,65.59604646938368,65.60647646123684,65.62302064881862,65.69391915522266,65.7113686894801,65.76528417583674,65.79282493018971,65.79425963194232,65.79543468552995,65.98834797465852,66.31619694523752,66.77684086516416,66.79535649448647,66.86918649898153,66.97733867699779,67.11849025485358,67.12088723547703,67.20544603745029,67.2089851109397,67.21929246851873,67.26689462284365,67.29369435142519,67.31301468631457,67.31849617854459,67.44971312620761,67.49038667085804,67.9381930012203,68.59119558001302,69.14683100070779,70.15356811296121,71.33333660208007,72.97236246325556,75.79596462885335,79.8608453641789
1,07042013 16:00,22.65320453001848,24.390370077763016,49.52721810402528,50.57593898403092,51.43044327716502,52.1872230901516,52.47958400243569,52.66318568736031,52.93538908845134,53.020721263132835,53.027824165258664,53.02866385589579,53.10402051378066,53.14852370955372,60.87599655987875,60.986574310768,61.14872514063305,61.35908907117099,61.558453936958045,61.74747678787346,61.87831788462715,62.04417406484521,62.17216411799729,62.383641898436665,62.61063787390456,62.862255197932505,62.86628853563334,62.927464473071204,62.938572087582735,63.06935169051652,63.224224228636565,63.41971492500212,63.64892564382982,63.86211092669375,64.27283769679016,64.92128081576112,65.23044145609384,65.5395935953441,65.83104956117148,66.12701553221015,66.6078281159902,66.96283257324484,67.15896421011898,67.3621525366082,67.71505289643375,67.88380488332716,68.02053420926832,68.1498738904865,68.40345383855691,68.53713466116514,68.6863653728617,68.71270603799269,68.73083217337344,68.76801116441939,68.82050907521784,69.03246539884165,69.1862315378909,69.436534267539,69.61262904368816,69.81423088212284,70.08189510400356,70.42184978218238,70.87743751062769,71.18239357493871,71.18436926921092,71.20501882664844,71.2075024722397,71.22222512838283,71.30361982029072,71.36029443566078,71.39754466237336,71.51202270037699,71.64290914748764,71.75718917166446,71.86059334081587,71.940030233811,72.01953377528068,72.02909497341535,72.23181380138627,72.25770192121945,72.31545793385664,72.33758712522408,72.3729933585794,72.5307121527795,72.5510917061332,72.63754612653123,72.83054775547134,72.91352616122776,72.97575082515388,73.03678773887628,73.15032463512009,73.15566612486299,73.28421436042933,73.32225675642722,73.33901099381592,73.66533445464762,75.02033576456614,77.45123615149261,81.42905292585932
1,07042013 17:00,22.6536176123713,24.391194795675972,48.67045607730043,49.53430789115861,50.234200017784,50.98738621134378,51.17456156769957,51.255117658681996,51.34128003776127,51.37775228336913,51.38235563211868,51.42421772867479,51.43115945752164,51.534209464083226,54.53521585417462,54.54470713851093,54.562576048199105,54.66373047684736,54.67246235945083,54.81032474535543,54.902752417383994,54.95121880142861,55.0672593833867,55.146117175332165,55.19427790762323,55.21231069579082,55.302200960020144,55.31990403333742,55.40465600669938,55.51573858124898,55.555297917242356,55.710933561412716,55.72892646630179,55.77729811043659,55.79159296390961,55.81869541434419,55.85845159189169,55.87545703038425,55.9334035851756,55.949077415058554,55.98645996260478,55.99420369764299,56.01880578307568,56.03038502561296,56.057999559096686,56.06638083564562,56.08768450734533,56.0964459609598,56.12940820416529,56.18301213390028,56.2149911256565,56.26498780819489,56.277236286011146,56.36063743233504,56.40136305753602,56.51812020841571,56.7509204403906,56.92764333293472,57.07027323754147,57.1931289921835,57.265872294273095,57.27213279273009,57.408791299505836,57.75863528968672,58.02600954686574,58.13421102430439,58.22614023549599,58.34353927258974,58.476983060430825,58.65084112801597,58.8369987829235,59.195162028180945,59.59301600154369,60.00628845257647,60.42525544929441,60.84676317796168,61.4399361234602,61.45216700294009,61.581672070821554,61.595563415351734,61.60824673603426,61.642859182554346,61.651249279527505,61.672256890273374,61.67923970136604,61.69180069069208,61.71813615369376,61.72015434077653,61.74280775749311,61.780876508531406,61.846004162959034,62.13789628712705,62.70003239384971,63.15564313061115,63.91199559701728,64.60978057838635,65.25198055109554,66.27074361951067,68.53601416053142
1,07042013 18:00,22.65295999977932,24.389879816816197,47.00377577479068,47.99497829245522,48.64965150175153,49.30138346834734,49.493475512280675,49.62830792662151,49.701923722785615,49.711702817793324,49.74749763519666,49.760537767695226,49.78530472583348,49.93716158823185,51.27328177917937,51.44271016983983,51.968255110668736,52.27768554225415,52.3306910273396,52.40717336192421,52.63834126636024,52.9626879424319,53.3164140458522,53.69181874025324,53.9649387978198,54.05521564908956,54.197634292800075,54.22101614993848,54.22671932963375,54.23470684397087,54.25495016893278,54.27124672291096,54.28056304008905,54.292884664230584,54.29631157821433,54.321143191082456,54.33752483524856,54.33955786537467,54.41293005702397,54.43090811189725,54.45682294931095,54.46071909664798,54.47539010597458,54.53946686136055,54.55048555794134,54.5508450079534,54.56063418691903,54.57406986556674,54.57894961579528,54.59554746933698,54.5988575943951,54.60162252998765,54.60230388877228,54.61283152202785,54.63617176007135,54.64463342068926,54.65177856403142,54.664075791298814,54.67390111569338,54.68011157118522,54.70207348162164,54.70592208113351,54.70720198504691,54.74216260064894,54.78837270741769,54.7952933677292,54.80339893016385,54.82666651872849,54.8316595654388,54.83806643982821,54.83947404659641,54.85818449712781,54.87101934916679,54.886017210866044,54.89226725576766,54.90407734785913,55.039106066107436,55.07877220761826,55.1826294805643,55.18633926280454,55.21260923686813,55.3274768717519,55.36067078321149,55.3824742261408,55.43085709078407,55.58419188296247,55.60292533150401,55.60345697372169,55.674722457879824,55.699635043556015,55.74775773721022,55.76254986839342,55.7980208941044,55.82006682402978,55.91253275710865,56.03565442571913,56.09618855244446,56.187169318074126,58.30541424063958
1,07042013 19:00,22.65123831145621,24.386437991657925,45.55016385486007,46.41550046860178,47.12174670637409,47.668998651957196,47.80950379203137,47.94901703902487,48.064201340971145,48.24886717533784,48.31081746206259,48.36212156151367,48.4491821341002,48.4604291716598,51.761822729826804,51.9151338580092,51.993956164861245,52.06889249158523,52.07678283285992,52.08453627670639,52.09433518983866,52.11435596149332,52.137166526043856,52.18963268437548,52.22436957908536,52.31446439024167,52.35141546000747,52.35723239211681,52.36166802167645,52.36319775643267,52.36725672653252,52.38107962968226,52.390678602927565,52.39893182386349,52.40729535212466,52.429438023568224,52.4698107025754,52.52853476322056,52.531679112892874,52.62688360798606,52.6553255686365,52.68215712031291,52.69478106200789,52.75678041695599,52.77216565118417,52.77337203248345,52.80192309309115,52.807134371915524,52.93855925349533,52.94038732345368,52.96268464847111,53.01956382199833,53.09895561639651,53.13831324655402,53.14551398115634,53.166345571697164,53.19435229475124,53.23077313136689,53.23909292901416,53.2679313193095,53.28631979225926,53.28727352468323,53.302770158690834,53.3029955025646,53.33730812061715,53.34423008773497,53.34719331144824,53.36638944203122,53.377196573717114,53.38833832908368,53.40079173202254,53.43103662341707,53.45571407493671,53.51063533123536,53.54657874675114,53.55084977433462,53.64046372243237,53.6487089188805,53.676167547057474,53.69670221919053,53.70566862996813,53.71093143299012,53.72039313935355,53.73249360463616,53.737294503532326,53.746754754630686,53.761450553311064,53.78217576247761,53.79424128196399,53.796225338898836,53.80400957465231,53.811017099431695,54.051559595641095,54.378292382473035,54.49727972438545,54.53236621187524,54.60438987000684,54.615997467584364,54.79117603252665
1,07042013 20:00,22.650431786772348,24.384824567305053,44.850048950681824,45.66932752862708,46.359355133649856,46.97832492253796,47.13009377140559,47.30493970730251,47.40697373239197,47.65916842208299,47.77165845447807,47.929560522306446,48.046700996777744,48.0569630332517,51.56132934344069,51.58564541063737,51.76029616415714,51.96899351525856,52.12853509272922,52.24291215099197,52.36696237850599,52.5106850510206,52.6615736772944,52.82413624591723,52.92743759823297,53.059201217507734,53.1495365201131,53.18465177187102,53.22662514715641,53.249585854874724,53.26445958114175,53.30415890558997,53.382344631232996,53.43725743590177,53.51626672328328,53.568173514448716,53.666832286278364,53.74155806055984,53.79996669192303,53.83371555243963,53.845750081123825,53.85163623910765,53.86431280056783,53.87495790241056,53.91151046351787,54.04012988171125,54.147863520930514,54.37151237901554,54.5909516402854,54.79390193270524,54.93821554188702,55.1197112293824,55.18289574530908,55.2702687381946,55.31656587551865,55.400489414830815,55.41388996362285,55.424615770434215,55.498347590354626,55.52218465278811,55.52590665043158,55.70061544467566,55.833362797155516,55.863660134079794,55.94949629324314,56.03909069216574,56.10382950089679,56.14609955821847,56.29991297473293,56.42066409168034,56.4983085678367,56.50922413732788,56.572552880113776,56.596346886240795,56.667946194679445,56.68942622005336,56.8326401484036,56.89993434503293,56.96026244411617,57.03570703167742,57.15754958795981,57.19774736805249,57.24616550676993,57.39410826075316,57.547173906392274,57.54781305276745,57.56425639384858,57.63213346696614,57.75438122181174,57.8555239459495,57.90593116950686,57.951496183642135,58.02770544159509,58.06152264008357,58.12120266931231,58.14176004808965,58.146954858182795,58.159262148063775,58.203147611262665
1,07042013 21:00,22.649505451166554,24.382971303706594,43.75334290892191,44.542254929067276,45.2222526372379,45.724839338063546,45.77538400635794,45.90133311565548,46.00805356043003,46.25379077829703,46.43270795512261,46.435986072463265,46.44358861052382,46.47998947286345,47.57413011257111,47.712390602340946,47.93226789983284,48.06292914928714,48.09440896446078,48.10058631863215,48.152055944307406,48.17592343897495,48.2123881660513,48.261355908100356,48.28896066280387,48.30344310550154,48.36869354831157,48.37711660726799,48.42520976677953,48.46061432644177,48.461844570548365,48.49418758773825,48.495743332002675,48.50012755311698,48.50795721643678,48.52182793196195,48.52685065000749,48.53226996895488,48.539297629211376,48.56239595171047,48.64016457783681,48.742918696669236,48.86578517961904,49.01865741172807,49.22158173274276,49.36805105744132,49.52477149414082,49.95676577956924,50.142572655604795,50.23175816529127,50.25796508949652,50.27426226988672,50.3383191731523,50.41967205741608,50.44803332542266,50.61335529432638,50.78043105653812,50.79811896318104,50.86098054428467,50.86999107388313,50.91953938813067,50.92016049314999,50.94088337310822,51.014224054923346,51.06046907731118,51.20096736637733,51.24615267374112,51.36315281716239,51.44888872434838,51.485477109930585,51.531184926312406,51.64280727421665,51.78002127617799,51.84214009224655,51.926061725612186,52.10153900440335,52.18750770632889,52.325280347052725,52.496359419190185,52.54505058815597,52.621435801482406,52.724659081159714,52.73932270087745,52.96198948586907,53.01801359194867,53.28973871536621,53.36159424429985,53.49490009525317,53.62012937656837,53.80260325236112,53.91843144157467,54.121564188366094,54.1411200867319,54.19915308998256,54.28745390045896,54.28815748143539,54.36816528800726,54.374910288225365,54.946473507694066
1,07042013 22:00,22.646837692838176,24.377637345860077,41.81301683881192,42.39325969449012,43.09237751426564,43.50986359079267,43.67120367051002,43.875507597081196,43.92885266852089,44.091058574211154,44.492857020336736,44.51248840818513,44.557223009338564,44.580721969058786,45.66234967050731,45.78818320551753,45.95769119753135,46.07789759099903,46.27704713578072,46.437168408313994,46.611643953595035,46.82223821561199,47.04724629758343,47.07106300232864,47.09831595577796,47.12720427205133,47.14510915358703,47.15754307993477,47.19127464727468,47.205458856474166,47.294636285429576,47.33561425268,47.35000134193412,47.36349396430269,47.428481526014,47.439249942199766,47.451534373214855,47.466594896670415,47.4865753369333,47.49390995802284,47.51852964442189,47.52382909875172,47.52738019369356,47.52832097553505,47.54597304102582,47.557389693109826,47.579515453012675,47.59441786486683,47.608633571307905,47.61756482226734,47.61938669663864,47.703832549449245,47.9487557081672,48.157581812494215,48.308831168859726,48.565412197431215,48.86178923841001,49.19955339014092,49.56446340596976,49.72244060350418,49.86276333451427,50.01746509231249,50.065788123169966,50.085966443971685,50.09783113355917,50.118496982631456,50.13366218218522,50.15019332487749,50.1505044683299,50.19258343696558,50.21157512047063,50.26896837830219,50.287782189522304,50.29469928830689,50.30321123097714,50.37014686504034,50.46084503360653,50.61683293969412,50.91538157932253,51.158466616526354,51.346822551694984,51.35910999650527,51.415026916011,51.54113788468145,51.726586419075275,51.810389895126846,51.92578451567472,52.35085905500971,52.83158561690436,53.264221269281876,53.343042672818385,53.374229918831986,53.45201927127364,53.486187812073865,53.54028010511571,53.699191513744935,54.25888443081621,54.8053776276998,56.26787925245151
1,07042013 23:00,22.641733162569384,24.36743241507948,39.17596308838291,39.822096113987804,40.40916814963383,41.04039885628761,41.246388245611726,41.53790721616202,41.706291283740164,41.868616955366726,42.41500997831483,42.49649655884352,42.54152531940217,42.61588420541025,42.81128083953604,42.87922429907783,42.966914268321716,42.97706623885463,43.063616952628294,43.120336987688574,43.1627938050767,43.18409501707947,43.22907472546997,43.2546160155171,43.26142667067427,43.267817455743824,43.280879213362994,43.31045122912833,43.32105084311419,43.32970392654306,43.34203409293809,43.34931198536769,43.38912714153007,43.41095091357002,43.45149814335572,43.4748599527215,43.49479035196755,43.54600993068415,43.59497415137338,43.61484492850485,43.62841878627887,43.64701195165786,43.69170244189071,43.861547113038256,44.18630849045758,44.44097626307337,44.708417627790965,45.01385234872714,45.32791325060289,45.45144384825505,45.68780403574445,46.502010427745475,47.13071446544062,47.551885602682006,47.818033724487336,48.13555806270887,48.4642062815943,48.79887019703847,49.10738593932922,49.247850516708056,49.3700254206657,49.46514851685697,49.66481730800639,49.81358319141559,49.95932167729606,50.05933124756531,50.14796009201285,50.314446627509625,50.53696999887289,50.766429593914395,50.95175234283833,51.29997782039379,51.69032086011687,51.71479814385863,51.85056510605487,51.92794914744354,51.93008201280958,51.93975315195044,51.97264557190297,51.99302988932406,52.05410530090022,52.1068208165231,52.138466384805284,52.18239798089371,52.274807782709956,52.34345897997275,52.430636101377615,52.51040856062163,52.59641075331335,52.69205512976198,52.71196627371502,52.72428057180076,52.73229409165418,52.75229994724111,52.77863920209289,52.7883078325562,52.794627105356966,53.742914467373,55.25449776027156
